,Symbol,National Common Name,Genus
0,Symbol_AGCA5,NCN_colonial_bentgrass,Genus_Agrostis
1,Symbol_AGCA5,,Genus_Agrostis
2,Symbol_AGCA5,,Genus_Agrostis
3,Symbol_AGCA5,,Genus_Agrostis
4,Symbol_AGCA5,,Genus_Agrostis
5,Symbol_AGCA5,,Genus_Agrostis
6,Symbol_AGCA5,,Genus_Agrostis
7,Symbol_AGEL4,NCN_Elliott's_bentgrass,Genus_Agrostis
8,Symbol_AGEL4,,Genus_Agrostis
9,Symbol_AGGI2,NCN_redtop,Genus_Agrostis
10,Symbol_AGGI2,,Genus_Agrostis
11,Symbol_AGGI2,,Genus_Agrostis
12,Symbol_AGGI2,,Genus_Agrostis
13,Symbol_AGGI2,,Genus_Agrostis
14,Symbol_AGGI2,,Genus_Agrostis
15,Symbol_AGHY,NCN_winter_bentgrass,Genus_Agrostis
16,Symbol_AGHY,,Genus_Agrostis
17,Symbol_AGHY,,Genus_Cornucopiae
18,Symbol_AGPE,NCN_upland_bentgrass,Genus_Agrostis
19,Symbol_AGPE,,Genus_Agrostis
20,Symbol_AGPE,,Genus_Agrostis
21,Symbol_AGPE,,Genus_Agrostis
22,Symbol_AGPE,,Genus_Agrostis
23,Symbol_AGPE,,Genus_Agrostis
24,Symbol_AGPE,,Genus_Agrostis
25,Symbol_AGPE,,Genus_Cornucopiae
26,Symbol_AGROS2,NCN_bentgrass,Genus_Agrostis
27,Symbol_AGST2,NCN_creeping_bentgrass,Genus_Agrostis
28,Symbol_AGST2,,Genus_Agrostis
29,Symbol_AGST2,,Genus_Agrostis
30,Symbol_AGST2,,Genus_Agrostis
31,Symbol_AGST2,,Genus_Agrostis
32,Symbol_AGST2,,Genus_Agrostis
33,Symbol_AGST2,,Genus_Agrostis
34,Symbol_AICA,NCN_silver_hairgrass,Genus_Aira
35,Symbol_AICAC2,NCN_silver_hairgrass,Genus_Aira
36,Symbol_AICAC2,,Genus_Aspris
37,Symbol_AIRA,NCN_hairgrass,Genus_Aira
38,Symbol_ALCA4,NCN_Carolina_foxtail,Genus_Alopecurus
39,Symbol_ALCA4,,Genus_Alopecurus
40,Symbol_ALCA4,,Genus_Alopecurus
41,Symbol_ALGE2,NCN_water_foxtail,Genus_Alopecurus
42,Symbol_ALGEG4,NCN_water_foxtail,Genus_Alopecurus
43,Symbol_ALGEG4,,Genus_Alopecurus
44,Symbol_ALMY,NCN_slender_meadow_foxtail,Genus_Alopecurus
45,Symbol_ALMY,,Genus_Alopecurus
46,Symbol_ALOPE,NCN_foxtail,Genus_Alopecurus
47,Symbol_ALPR3,NCN_meadow_foxtail,Genus_Alopecurus
48,Symbol_ANDRO2,NCN_bluestem,Genus_Andropogon
49,Symbol_ANGE,NCN_big_bluestem,Genus_Andropogon
50,Symbol_ANGE,,Genus_Andropogon
51,Symbol_ANGE,,Genus_Andropogon
52,Symbol_ANGE,,Genus_Andropogon
53,Symbol_ANGE,,Genus_Andropogon
54,Symbol_ANGL2,NCN_bushy_bluestem,Genus_Andropogon
55,Symbol_ANGLG2,NCN_bushy_bluestem,Genus_Andropogon
56,Symbol_ANGLG2,,Genus_Andropogon
57,Symbol_ANGLG2,,Genus_Andropogon
58,Symbol_ANGLG2,,Genus_Cinna
59,Symbol_ANGY2,NCN_Elliott's_bluestem,Genus_Andropogon
60,Symbol_ANGYG,NCN_Elliott's_bluestem,Genus_Andropogon
61,Symbol_ANGYG,,Genus_Andropogon
62,Symbol_ANGYG,,Genus_Andropogon
63,Symbol_ANGYG,,Genus_Andropogon
64,Symbol_ANGYG,,Genus_Andropogon
65,Symbol_ANGYG,,Genus_Andropogon
66,Symbol_ANOD,NCN_sweet_vernalgrass,Genus_Anthoxanthum
67,Symbol_ANODO2,NCN_sweet_vernalgrass,Genus_Anthoxanthum
68,Symbol_ANTE2,NCN_splitbeard_bluestem,Genus_Andropogon
69,Symbol_ANTET,NCN_splitbeard_bluestem,Genus_Andropogon
70,Symbol_ANTET,,Genus_Andropogon
71,Symbol_ANTHO,NCN_hornwort,Genus_Anthoxanthum
72,Symbol_ANVI2,NCN_broomsedge_bluestem,Genus_Andropogon
73,Symbol_ANVIV,NCN_broomsedge_bluestem,Genus_Andropogon
74,Symbol_ANVIV,,Genus_Anatherum
75,Symbol_ANVIV,,Genus_Andropogon
76,Symbol_APERA,NCN_silkybent,Genus_Apera
77,Symbol_APSP,NCN_loose_silkybent,Genus_Apera
78,Symbol_APSP,,Genus_Agrostis
79,Symbol_ARDI4,NCN_churchmouse_threeawn,Genus_Aristida
80,Symbol_ARDIC,NCN_Curtis'_threeawn,Genus_Aristida
81,Symbol_ARDIC,,Genus_Aristida
82,Symbol_ARDIC,,Genus_Aristida
83,Symbol_ARDID,NCN_churchmouse_threeawn,Genus_Aristida
84,Symbol_AREL3,NCN_tall_oatgrass,Genus_Arrhenatherum
85,Symbol_ARELE,NCN_tall_oatgrass,Genus_Arrhenatherum
86,Symbol_ARELE,,Genus_Arrhenatherum
87,Symbol_ARELE,,Genus_Avena
88,Symbol_ARHI3,NCN_small_carpetgrass,Genus_Arthraxon
89,Symbol_ARHI3,,Genus_Arthraxon
90,Symbol_ARHI3,,Genus_Arthraxon
91,Symbol_ARHI3,,Genus_Phalaris
92,Symbol_ARIST,NCN_threeawn,Genus_Aristida
93,Symbol_ARLO16,NCN_slimspike_threeawn,Genus_Aristida
94,Symbol_ARLO16,,Genus_Aristida
95,Symbol_ARLOL3,NCN_slimspike_threeawn,Genus_Aristida
96,Symbol_ARLOL3,,Genus_Aristida
97,Symbol_ARLOL3,,Genus_Aristida
98,Symbol_AROL,NCN_prairie_threeawn,Genus_Aristida
99,Symbol_AROL,,Genus_Aristida
100,Symbol_ARPU8,NCN_arrowfeather_threeawn,Genus_Aristida
101,Symbol_ARPUP4,NCN_arrowfeather_threeawn,Genus_Aristida
102,Symbol_ARPUP4,,Genus_Aristida
103,Symbol_ARPUP4,,Genus_Aristida
104,Symbol_ARRHE,NCN_oatgrass,Genus_Arrhenatherum
105,Symbol_ARTHR,NCN_carpetgrass,Genus_Arthraxon
106,Symbol_AVENA,NCN_oat,Genus_Avena
107,Symbol_AVSA,NCN_common_oat,Genus_Avena
108,Symbol_AVSA,,Genus_Avena
109,Symbol_AVSA,,Genus_Avena
110,Symbol_AVSA,,Genus_Avena
111,Symbol_BOCU,NCN_sideoats_grama,Genus_Bouteloua
112,Symbol_BOCUC2,NCN_sideoats_grama,Genus_Bouteloua
113,Symbol_BOCUC2,,Genus_Atheropogon
114,Symbol_BOCUC2,,Genus_Chloris
115,Symbol_BOUTE,NCN_grama,Genus_Bouteloua
116,Symbol_BRACH2,NCN_shorthusk,Genus_Brachyelytrum
117,Symbol_BRAR5,NCN_field_brome,Genus_Bromus
118,Symbol_BRAR5,,Genus_Bromus
119,Symbol_BRAR5,,Genus_Bromus
120,Symbol_BRAR5,,Genus_Bromus
121,Symbol_BRAR5,,Genus_Bromus
122,Symbol_BRAR5,,Genus_Bromus
123,Symbol_BRCA6,NCN_rescuegrass,Genus_Bromus
124,Symbol_BRCA6,,Genus_Bromus
125,Symbol_BRCA6,,Genus_Bromus
126,Symbol_BRCA6,,Genus_Bromus
127,Symbol_BRCA6,,Genus_Bromus
128,Symbol_BRCA6,,Genus_Ceratochloa
129,Symbol_BRCA6,,Genus_Ceratochloa
130,Symbol_BRCA6,,Genus_Ceratochloa
131,Symbol_BRCA6,,Genus_Festuca
132,Symbol_BRDI3,NCN_ripgut_brome,Genus_Bromus
133,Symbol_BRDIR,NCN_ripgut_brome,Genus_Bromus
134,Symbol_BRDIR,,Genus_Anisantha
135,Symbol_BRDIR,,Genus_Bromus
136,Symbol_BRDIR,,Genus_Bromus
137,Symbol_BRDIR,,Genus_Bromus
138,Symbol_BRDIR,,Genus_Bromus
139,Symbol_BRER2,NCN_bearded_shorthusk,Genus_Brachyelytrum
140,Symbol_BRER3,NCN_erect_brome,Genus_Bromus
141,Symbol_BRER3,,Genus_Bromopsis
142,Symbol_BRER3,,Genus_Bromus
143,Symbol_BRIN2,NCN_smooth_brome,Genus_Bromus
144,Symbol_BRINI,NCN_smooth_brome,Genus_Bromus
145,Symbol_BRINI2,NCN_smooth_brome,Genus_Bromus
146,Symbol_BRINI2,,Genus_Bromopsis
147,Symbol_BRKA2,NCN_arctic_brome,Genus_Bromus
148,Symbol_BRKA2,,Genus_Bromopsis
149,Symbol_BRKA2,,Genus_Bromus
150,Symbol_BRKA2,,Genus_Bromus
151,Symbol_BRLA4,NCN_earlyleaf_brome,Genus_Bromus
152,Symbol_BRLA4,,Genus_Bromus
153,Symbol_BRLA7,NCN_Mediterranean_brome,Genus_Bromus
154,Symbol_BRLA7,,Genus_Bromus
155,Symbol_BROMU,NCN_brome,Genus_Bromus
156,Symbol_BRRA2,NCN_bald_brome,Genus_Bromus
157,Symbol_BRRA2,,Genus_Bromus
158,Symbol_BRRA2,,Genus_Bromus
159,Symbol_BRRA2,,Genus_Bromus
160,Symbol_BRRA3,NCN_hairy_brome,Genus_Bromus
161,Symbol_BRRA3,,Genus_Bromopsis
162,Symbol_BRRA3,,Genus_Bromus
163,Symbol_BRST2,NCN_poverty_brome,Genus_Bromus
164,Symbol_BRST2,,Genus_Anisantha
165,Symbol_BRTE,NCN_cheatgrass,Genus_Bromus
166,Symbol_BRTE,,Genus_Anisantha
167,Symbol_BRTE,,Genus_Bromus
168,Symbol_BRTE,,Genus_Bromus
169,Symbol_BRTE,,Genus_Bromus
170,Symbol_CACO71,NCN_Nuttall's_reedgrass,Genus_Calamagrostis
171,Symbol_CACO71,,Genus_Arundo
172,Symbol_CACO71,,Genus_Calamagrostis
173,Symbol_CALAM,NCN_reedgrass,Genus_Calamagrostis
174,Symbol_CEEC,NCN_southern_sandbur,Genus_Cenchrus
175,Symbol_CEEC,,Genus_Cenchrus
176,Symbol_CELO3,NCN_mat_sandbur,Genus_Cenchrus
177,Symbol_CELO3,,Genus_Cenchrus
178,Symbol_CENCH,NCN_sandbur,Genus_Cenchrus
179,Symbol_CESP4,NCN_coastal_sandbur,Genus_Cenchrus
180,Symbol_CESP4,,Genus_Cenchrus
181,Symbol_CESP4,,Genus_Cenchrus
182,Symbol_CESP4,,Genus_Cenchrus
183,Symbol_CHASM,NCN_woodoats,Genus_Chasmanthium
184,Symbol_CHLA5,NCN_Indian_woodoats,Genus_Chasmanthium
185,Symbol_CHLA5,,Genus_Uniola
186,Symbol_CHLA6,NCN_slender_woodoats,Genus_Chasmanthium
187,Symbol_CHLA6,,Genus_Uniola
188,Symbol_CIAR2,NCN_sweet_woodreed,Genus_Cinna
189,Symbol_CIAR2,,Genus_Cinna
190,Symbol_CINNA,NCN_woodreed,Genus_Cinna
191,Symbol_CYDA,NCN_Bermudagrass,Genus_Cynodon
192,Symbol_CYDA,,Genus_Capriola
193,Symbol_CYDA,,Genus_Cynodon
194,Symbol_CYDA,,Genus_Cynodon
195,Symbol_CYDA,,Genus_Panicum
196,Symbol_CYNOD,NCN_Bermudagrass,Genus_Cynodon
197,Symbol_DACO,NCN_flattened_oatgrass,Genus_Danthonia
198,Symbol_DACO,,Genus_Danthonia
199,Symbol_DACTY,NCN_orchardgrass,Genus_Dactylis
200,Symbol_DAGL,NCN_orchardgrass,Genus_Dactylis
201,Symbol_DAGLG,NCN_orchardgrass,Genus_Dactylis
202,Symbol_DAGLG,,Genus_Dactylis
203,Symbol_DAGLG,,Genus_Dactylis
204,Symbol_DAGLG,,Genus_Dactylis
205,Symbol_DANTH,NCN_oatgrass,Genus_Danthonia
206,Symbol_DASP2,NCN_poverty_oatgrass,Genus_Danthonia
207,Symbol_DASP2,,Genus_Danthonia
208,Symbol_DASP2,,Genus_Danthonia
209,Symbol_DASP2,,Genus_Danthonia
210,Symbol_DEFL,NCN_wavy_hairgrass,Genus_Deschampsia
211,Symbol_DEFLF,NCN_wavy_hairgrass,Genus_Deschampsia
212,Symbol_DEFLF,,Genus_Aira
213,Symbol_DEFLF,,Genus_Avenella
214,Symbol_DEFLF,,Genus_Lerchenfeldia
215,Symbol_DESCH,NCN_hairgrass,Genus_Deschampsia
216,Symbol_DIAC,NCN_needleleaf_rosette_grass,Genus_Dichanthelium
217,Symbol_DIAC,,Genus_Dichanthelium
218,Symbol_DIAC,,Genus_Dichanthelium
219,Symbol_DIAC,,Genus_Panicum
220,Symbol_DIAC,,Genus_Panicum
221,Symbol_DIAC,,Genus_Panicum
222,Symbol_DIAC,,Genus_Panicum
223,Symbol_DIAC,,Genus_Panicum
224,Symbol_DIAC,,Genus_Panicum
225,Symbol_DIAC,,Genus_Panicum
226,Symbol_DIAC,,Genus_Panicum
227,Symbol_DIAC,,Genus_Panicum
228,Symbol_DIAC,,Genus_Panicum
229,Symbol_DIAC,,Genus_Panicum
230,Symbol_DIAC,,Genus_Panicum
231,Symbol_DIAC2,NCN_tapered_rosette_grass,Genus_Dichanthelium
232,Symbol_DIACA,NCN_tapered_rosette_grass,Genus_Dichanthelium
233,Symbol_DIACA,,Genus_Dichanthelium
234,Symbol_DIACA,,Genus_Panicum
235,Symbol_DIACA,,Genus_Panicum
236,Symbol_DIACA,,Genus_Panicum
237,Symbol_DIACA,,Genus_Panicum
238,Symbol_DIACA,,Genus_Panicum
239,Symbol_DIACF,NCN_western_panicgrass,Genus_Dichanthelium
240,Symbol_DIACF,,Genus_Dichanthelium
241,Symbol_DIACF,,Genus_Dichanthelium
242,Symbol_DIACF,,Genus_Dichanthelium
243,Symbol_DIACF,,Genus_Dichanthelium
244,Symbol_DIACF,,Genus_Panicum
245,Symbol_DIACF,,Genus_Panicum
246,Symbol_DIACF,,Genus_Panicum
247,Symbol_DIACF,,Genus_Panicum
248,Symbol_DIACF,,Genus_Panicum
249,Symbol_DIACF,,Genus_Panicum
250,Symbol_DIACF,,Genus_Panicum
251,Symbol_DIACF,,Genus_Panicum
252,Symbol_DIACF,,Genus_Panicum
253,Symbol_DIACF,,Genus_Panicum
254,Symbol_DIACF,,Genus_Panicum
255,Symbol_DIACF,,Genus_Panicum
256,Symbol_DIACF,,Genus_Panicum
257,Symbol_DIACF,,Genus_Panicum
258,Symbol_DIACF,,Genus_Panicum
259,Symbol_DIACF,,Genus_Panicum
260,Symbol_DIACF,,Genus_Panicum
261,Symbol_DIACF,,Genus_Panicum
262,Symbol_DIACF,,Genus_Panicum
263,Symbol_DIACF,,Genus_Panicum
264,Symbol_DIACL,NCN_Lindheimer_panicgrass,Genus_Dichanthelium
265,Symbol_DIACL,,Genus_Dichanthelium
266,Symbol_DIACL,,Genus_Dichanthelium
267,Symbol_DIACL,,Genus_Panicum
268,Symbol_DIACL,,Genus_Panicum
269,Symbol_DIACL,,Genus_Panicum
270,Symbol_DIACL,,Genus_Panicum
271,Symbol_DIBO,NCN_northern_panicgrass,Genus_Dichanthelium
272,Symbol_DIBO,,Genus_Panicum
273,Symbol_DIBO,,Genus_Panicum
274,Symbol_DIBO,,Genus_Panicum
275,Symbol_DIBO,,Genus_Panicum
276,Symbol_DIBO,,Genus_Panicum
277,Symbol_DIBO,,Genus_Panicum
278,Symbol_DIBO2,NCN_Bosc's_panicgrass,Genus_Dichanthelium
279,Symbol_DIBO2,,Genus_Dichanthelium
280,Symbol_DIBO2,,Genus_Panicum
281,Symbol_DIBO2,,Genus_Panicum
282,Symbol_DICHA2,NCN_rosette_grass,Genus_Dichanthelium
283,Symbol_DICL,NCN_deertongue,Genus_Dichanthelium
284,Symbol_DICL,,Genus_Panicum
285,Symbol_DICO2,NCN_variable_panicgrass,Genus_Dichanthelium
286,Symbol_DICO2,,Genus_Dichanthelium
287,Symbol_DICO2,,Genus_Dichanthelium
288,Symbol_DICO2,,Genus_Panicum
289,Symbol_DICO2,,Genus_Panicum
290,Symbol_DICO2,,Genus_Panicum
291,Symbol_DICO2,,Genus_Panicum
292,Symbol_DICO2,,Genus_Panicum
293,Symbol_DICO2,,Genus_Panicum
294,Symbol_DICO2,,Genus_Panicum
295,Symbol_DIDE4,NCN_starved_panicgrass,Genus_Dichanthelium
296,Symbol_DIDE4,,Genus_Panicum
297,Symbol_DIDE4,,Genus_Panicum
298,Symbol_DIDE4,,Genus_Panicum
299,Symbol_DIDE4,,Genus_Panicum
300,Symbol_DIDI6,NCN_cypress_panicgrass,Genus_Dichanthelium
301,Symbol_DIDID,NCN_cypress_panicgrass,Genus_Dichanthelium
302,Symbol_DIDID,,Genus_Dichanthelium
303,Symbol_DIDID,,Genus_Dichanthelium
304,Symbol_DIDID,,Genus_Dichanthelium
305,Symbol_DIDID,,Genus_Dichanthelium
306,Symbol_DIDID,,Genus_Dichanthelium
307,Symbol_DIDID,,Genus_Dichanthelium
308,Symbol_DIDID,,Genus_Dichanthelium
309,Symbol_DIDID,,Genus_Dichanthelium
310,Symbol_DIDID,,Genus_Dichanthelium
311,Symbol_DIDID,,Genus_Dichanthelium
312,Symbol_DIDID,,Genus_Dichanthelium
313,Symbol_DIDID,,Genus_Dichanthelium
314,Symbol_DIDID,,Genus_Dichanthelium
315,Symbol_DIDID,,Genus_Dichanthelium
316,Symbol_DIDID,,Genus_Dichanthelium
317,Symbol_DIDID,,Genus_Panicum
318,Symbol_DIDID,,Genus_Panicum
319,Symbol_DIDID,,Genus_Panicum
320,Symbol_DIDID,,Genus_Panicum
321,Symbol_DIDID,,Genus_Panicum
322,Symbol_DIDID,,Genus_Panicum
323,Symbol_DIDID,,Genus_Panicum
324,Symbol_DIDID,,Genus_Panicum
325,Symbol_DIDID,,Genus_Panicum
326,Symbol_DIDID,,Genus_Panicum
327,Symbol_DIDID,,Genus_Panicum
328,Symbol_DIDID,,Genus_Panicum
329,Symbol_DIDID,,Genus_Panicum
330,Symbol_DIDID,,Genus_Panicum
331,Symbol_DIDID,,Genus_Panicum
332,Symbol_DIDID,,Genus_Panicum
333,Symbol_DIDID,,Genus_Panicum
334,Symbol_DIDID,,Genus_Panicum
335,Symbol_DIDID,,Genus_Panicum
336,Symbol_DIDID,,Genus_Panicum
337,Symbol_DIDID,,Genus_Panicum
338,Symbol_DIDID,,Genus_Panicum
339,Symbol_DIDID,,Genus_Panicum
340,Symbol_DIFI,NCN_slender_crabgrass,Genus_Digitaria
341,Symbol_DIFI,,Genus_Digitaria
342,Symbol_DIFI,,Genus_Digitaria
343,Symbol_DIFI,,Genus_Panicum
344,Symbol_DIFI,,Genus_Syntherisma
345,Symbol_DIGIT2,NCN_crabgrass,Genus_Digitaria
346,Symbol_DIIS,NCN_smooth_crabgrass,Genus_Digitaria
347,Symbol_DIIS,,Genus_Digitaria
348,Symbol_DIIS,,Genus_Panicum
349,Symbol_DIIS,,Genus_Syntherisma
350,Symbol_DILA8,NCN_broadleaf_rosette_grass,Genus_Dichanthelium
351,Symbol_DILA8,,Genus_Panicum
352,Symbol_DILA9,NCN_openflower_rosette_grass,Genus_Dichanthelium
353,Symbol_DILA9,,Genus_Panicum
354,Symbol_DILA9,,Genus_Panicum
355,Symbol_DILA9,,Genus_Panicum
356,Symbol_DILI2,NCN_slimleaf_panicgrass,Genus_Dichanthelium
357,Symbol_DILI2,,Genus_Dichanthelium
358,Symbol_DILI2,,Genus_Dichanthelium
359,Symbol_DILI2,,Genus_Dichanthelium
360,Symbol_DILI2,,Genus_Panicum
361,Symbol_DILI2,,Genus_Panicum
362,Symbol_DILI2,,Genus_Panicum
363,Symbol_DILI2,,Genus_Panicum
364,Symbol_DILI2,,Genus_Panicum
365,Symbol_DILI2,,Genus_Panicum
366,Symbol_DIME2,NCN_matting_rosette_grass,Genus_Dichanthelium
367,Symbol_DIME2,,Genus_Dichanthelium
368,Symbol_DIME2,,Genus_Panicum
369,Symbol_DIME2,,Genus_Panicum
370,Symbol_DIME2,,Genus_Panicum
371,Symbol_DIME2,,Genus_Panicum
372,Symbol_DIOL,NCN_Heller's_rosette_grass,Genus_Dichanthelium
373,Symbol_DIOLO,NCN_Heller's_rosette_grass,Genus_Dichanthelium
374,Symbol_DIOLO,,Genus_Panicum
375,Symbol_DIOLO,,Genus_Panicum
376,Symbol_DIOLS,NCN_Scribner's_rosette_grass,Genus_Dichanthelium
377,Symbol_DIOLS,,Genus_Dichanthelium
378,Symbol_DIOLS,,Genus_Panicum
379,Symbol_DIOLS,,Genus_Panicum
380,Symbol_DIOLS,,Genus_Panicum
381,Symbol_DIOLS,,Genus_Panicum
382,Symbol_DIOLS,,Genus_Panicum
383,Symbol_DIOLS,,Genus_Panicum
384,Symbol_DIRA,NCN_Ravenel's_rosette_grass,Genus_Dichanthelium
385,Symbol_DIRA,,Genus_Panicum
386,Symbol_DISA,NCN_hairy_crabgrass,Genus_Digitaria
387,Symbol_DISA,,Genus_Panicum
388,Symbol_DISA,,Genus_Syntherisma
389,Symbol_DISA5,NCN_hemlock_rosette_grass,Genus_Dichanthelium
390,Symbol_DISAP,NCN_hemlock_rosette_grass,Genus_Dichanthelium
391,Symbol_DISAP,,Genus_Dichanthelium
392,Symbol_DISAP,,Genus_Panicum
393,Symbol_DISAP,,Genus_Panicum
394,Symbol_DISAP,,Genus_Panicum
395,Symbol_DISAP,,Genus_Panicum
396,Symbol_DISAP,,Genus_Panicum
397,Symbol_DISAP,,Genus_Panicum
398,Symbol_DISAP,,Genus_Panicum
399,Symbol_DISAP,,Genus_Panicum
400,Symbol_DISAP,,Genus_Panicum
401,Symbol_DISAP,,Genus_Panicum
402,Symbol_DISAP,,Genus_Panicum
403,Symbol_DISAP,,Genus_Panicum
404,Symbol_DISAP,,Genus_Panicum
405,Symbol_DISAP,,Genus_Panicum
406,Symbol_DISAP,,Genus_Panicum
407,Symbol_DISAT,NCN_hemlock_rosette_grass,Genus_Dichanthelium
408,Symbol_DISAT,,Genus_Dichanthelium
409,Symbol_DISAT,,Genus_Dichanthelium
410,Symbol_DISAT,,Genus_Panicum
411,Symbol_DISAT,,Genus_Panicum
412,Symbol_DISAT,,Genus_Panicum
413,Symbol_DISAT,,Genus_Panicum
414,Symbol_DISAT,,Genus_Panicum
415,Symbol_DISAT,,Genus_Panicum
416,Symbol_DISAT,,Genus_Panicum
417,Symbol_DISAT,,Genus_Panicum
418,Symbol_DISAT,,Genus_Panicum
419,Symbol_DISAT,,Genus_Panicum
420,Symbol_DISC2,NCN_woolly_rosette_grass,Genus_Dichanthelium
421,Symbol_DISC2,,Genus_Panicum
422,Symbol_DISC2,,Genus_Panicum
423,Symbol_DISC2,,Genus_Panicum
424,Symbol_DISC2,,Genus_Panicum
425,Symbol_DISC2,,Genus_Panicum
426,Symbol_DISC2,,Genus_Panicum
427,Symbol_DISC3,NCN_velvet_panicum,Genus_Dichanthelium
428,Symbol_DISC3,,Genus_Panicum
429,Symbol_DISP2,NCN_roundseed_panicgrass,Genus_Dichanthelium
430,Symbol_DISP4,NCN_Eaton's_rosette_grass,Genus_Dichanthelium
431,Symbol_DISP4,,Genus_Dichanthelium
432,Symbol_DISP4,,Genus_Panicum
433,Symbol_DISP4,,Genus_Panicum
434,Symbol_DISP4,,Genus_Panicum
435,Symbol_DISP4,,Genus_Panicum
436,Symbol_DISP4,,Genus_Panicum
437,Symbol_DISP4,,Genus_Panicum
438,Symbol_DISP4,,Genus_Panicum
439,Symbol_DISPI,NCN_roundseed_panicgrass,Genus_Dichanthelium
440,Symbol_DISPI,,Genus_Dichanthelium
441,Symbol_DISPI,,Genus_Dichanthelium
442,Symbol_DISPI,,Genus_Panicum
443,Symbol_DISPI,,Genus_Panicum
444,Symbol_DISPI,,Genus_Panicum
445,Symbol_DISPI,,Genus_Panicum
446,Symbol_DISPI,,Genus_Panicum
447,Symbol_DISPI,,Genus_Panicum
448,Symbol_DISPI,,Genus_Panicum
449,Symbol_DISPS3,NCN_roundseed_panicgrass,Genus_Dichanthelium
450,Symbol_DISPS3,,Genus_Panicum
451,Symbol_DISPS3,,Genus_Panicum
452,Symbol_DIVI7,NCN_whitehair_rosette_grass,Genus_Dichanthelium
453,Symbol_DIVIV,NCN_whitehair_rosette_grass,Genus_Dichanthelium
454,Symbol_DIVIV,,Genus_Dichanthelium
455,Symbol_DIVIV,,Genus_Dichanthelium
456,Symbol_DIVIV,,Genus_Dichanthelium
457,Symbol_DIVIV,,Genus_Dichanthelium
458,Symbol_DIVIV,,Genus_Panicum
459,Symbol_DIVIV,,Genus_Panicum
460,Symbol_DIVIV,,Genus_Panicum
461,Symbol_DIVIV,,Genus_Panicum
462,Symbol_DIVIV,,Genus_Panicum
463,Symbol_DIVIV,,Genus_Panicum
464,Symbol_DIVIV,,Genus_Panicum
465,Symbol_DIVIV,,Genus_Panicum
466,Symbol_ECCR,NCN_barnyardgrass,Genus_Echinochloa
467,Symbol_ECCR,,Genus_Echinochloa
468,Symbol_ECCR,,Genus_Panicum
469,Symbol_ECFR,NCN_billion-dollar_grass,Genus_Echinochloa
470,Symbol_ECFR,,Genus_Echinochloa
471,Symbol_ECFR,,Genus_Echinochloa
472,Symbol_ECFR,,Genus_Panicum
473,Symbol_ECHIN4,NCN_cockspur_grass,Genus_Echinochloa
474,Symbol_ECMU2,NCN_rough_barnyardgrass,Genus_Echinochloa
475,Symbol_ECMUM,NCN_rough_barnyardgrass,Genus_Echinochloa
476,Symbol_ECMUM,,Genus_Echinochloa
477,Symbol_ECMUM,,Genus_Echinochloa
478,Symbol_ECMUM,,Genus_Echinochloa
479,Symbol_ECMUM,,Genus_Echinochloa
480,Symbol_ECMUM,,Genus_Echinochloa
481,Symbol_ECMUM,,Genus_Echinochloa
482,Symbol_ECMUM,,Genus_Echinochloa
483,Symbol_ECMUM,,Genus_Echinochloa
484,Symbol_ECMUM,,Genus_Echinochloa
485,Symbol_ECMUM2,NCN_rough_barnyardgrass,Genus_Echinochloa
486,Symbol_ECMUM2,,Genus_Echinochloa
487,Symbol_ECMUM2,,Genus_Echinochloa
488,Symbol_ECMUM2,,Genus_Echinochloa
489,Symbol_ECMUM2,,Genus_Echinochloa
490,Symbol_ECWA,NCN_coast_cockspur_grass,Genus_Echinochloa
491,Symbol_ECWA,,Genus_Echinochloa
492,Symbol_ECWA,,Genus_Panicum
493,Symbol_ELCA4,NCN_Canada_wildrye,Genus_Elymus
494,Symbol_ELCA4,,Genus_Elymus
495,Symbol_ELCA4,,Genus_Elymus
496,Symbol_ELCA4,,Genus_Elymus
497,Symbol_ELCA4,,Genus_Elymus
498,Symbol_ELCA4,,Genus_Elymus
499,Symbol_ELCA4,,Genus_Elymus
500,Symbol_ELCA4,,Genus_Elymus
501,Symbol_ELCA4,,Genus_Elymus
502,Symbol_ELEL5,NCN_squirreltail,Genus_Elymus
503,Symbol_ELELE,NCN_squirreltail,Genus_Elymus
504,Symbol_ELELE,,Genus_Elymus
505,Symbol_ELELE,,Genus_Sitanion
506,Symbol_ELELE,,Genus_Sitanion
507,Symbol_ELEUS,NCN_goosegrass,Genus_Eleusine
508,Symbol_ELGL3,NCN_southeastern_wildrye,Genus_Elymus
509,Symbol_ELGL3,,Genus_Elymus
510,Symbol_ELGL3,,Genus_Elymus
511,Symbol_ELGL3,,Genus_Elymus
512,Symbol_ELGL3,,Genus_Elymus
513,Symbol_ELGL3,,Genus_Elymus
514,Symbol_ELGL3,,Genus_Elymus
515,Symbol_ELHY,NCN_eastern_bottlebrush_grass,Genus_Elymus
516,Symbol_ELHYH,NCN_eastern_bottlebrush_grass,Genus_Elymus
517,Symbol_ELHYH,,Genus_Hystrix
518,Symbol_ELHYH,,Genus_Hystrix
519,Symbol_ELIN3,NCN_Indian_goosegrass,Genus_Eleusine
520,Symbol_ELIN3,,Genus_Cynosurus
521,Symbol_ELMA,NCN_early_wildrye,Genus_Elymus
522,Symbol_ELRE4,NCN_quackgrass,Genus_Elymus
523,Symbol_ELRE4,,Genus_Agropyron
524,Symbol_ELRE4,,Genus_Agropyron
525,Symbol_ELRE4,,Genus_Elytrigia
526,Symbol_ELRE4,,Genus_Elytrigia
527,Symbol_ELRE4,,Genus_Elytrigia
528,Symbol_ELRE4,,Genus_Triticum
529,Symbol_ELRE4,,Genus_Triticum
530,Symbol_ELRI,NCN_riverbank_wildrye,Genus_Elymus
531,Symbol_ELRI,,Genus_Elymus
532,Symbol_ELVI,NCN_hairy_wildrye,Genus_Elymus
533,Symbol_ELVI,,Genus_Elymus
534,Symbol_ELVI,,Genus_Elymus
535,Symbol_ELVI,,Genus_Elymus
536,Symbol_ELVI,,Genus_Terrellia
537,Symbol_ELVI3,NCN_Virginia_wildrye,Genus_Elymus
538,Symbol_ELVIV,NCN_Virginia_wildrye,Genus_Elymus
539,Symbol_ELVIV,,Genus_Elymus
540,Symbol_ELVIV,,Genus_Elymus
541,Symbol_ELVIV,,Genus_Elymus
542,Symbol_ELVIV,,Genus_Elymus
543,Symbol_ELVIV,,Genus_Elymus
544,Symbol_ELVIV,,Genus_Elymus
545,Symbol_ELYMU,NCN_wildrye,Genus_Elymus
546,Symbol_ERAGR,NCN_lovegrass,Genus_Eragrostis
547,Symbol_ERCA,NCN_lace_grass,Genus_Eragrostis
548,Symbol_ERCI,NCN_stinkgrass,Genus_Eragrostis
549,Symbol_ERCI,,Genus_Eragrostis
550,Symbol_ERCI,,Genus_Eragrostis
551,Symbol_ERCI,,Genus_Poa
552,Symbol_ERCO8,NCN_prairie_cupgrass,Genus_Eriochloa
553,Symbol_ERFR,NCN_sandbar_lovegrass,Genus_Eragrostis
554,Symbol_ERFR,,Genus_Eragrostis
555,Symbol_ERHY,NCN_teal_lovegrass,Genus_Eragrostis
556,Symbol_ERHY,,Genus_Poa
557,Symbol_ERIOC2,NCN_cupgrass,Genus_Eriochloa
558,Symbol_ERMI5,NCN_little_lovegrass,Genus_Eragrostis
559,Symbol_ERMI5,,Genus_Eragrostis
560,Symbol_ERMI5,,Genus_Eragrostis
561,Symbol_ERMI5,,Genus_Eragrostis
562,Symbol_ERPE,NCN_tufted_lovegrass,Genus_Eragrostis
563,Symbol_ERPEP2,NCN_tufted_lovegrass,Genus_Eragrostis
564,Symbol_ERPEP2,,Genus_Eragrostis
565,Symbol_ERPEP2,,Genus_Eragrostis
566,Symbol_ERPEP2,,Genus_Eragrostis
567,Symbol_ERPEP2,,Genus_Poa
568,Symbol_ERPI2,NCN_Indian_lovegrass,Genus_Eragrostis
569,Symbol_ERPI2,,Genus_Eragrostis
570,Symbol_ERPI2,,Genus_Eragrostis
571,Symbol_ERPI2,,Genus_Eragrostis
572,Symbol_ERPI2,,Genus_Eragrostis
573,Symbol_ERPI2,,Genus_Poa
574,Symbol_ERSP,NCN_purple_lovegrass,Genus_Eragrostis
575,Symbol_ERSP,,Genus_Eragrostis
576,Symbol_ERSP,,Genus_Poa
577,Symbol_FEBR7,NCN_hard_fescue,Genus_Festuca
578,Symbol_FEBR7,,Genus_Festuca
579,Symbol_FEBR7,,Genus_Festuca
580,Symbol_FEBR7,,Genus_Festuca
581,Symbol_FEBR7,,Genus_Festuca
582,Symbol_FEBR7,,Genus_Festuca
583,Symbol_FEBR7,,Genus_Festuca
584,Symbol_FEBR7,,Genus_Festuca
585,Symbol_FEBR7,,Genus_Festuca
586,Symbol_FEFI,NCN_fineleaf_sheep_fescue,Genus_Festuca
587,Symbol_FEFI,,Genus_Festuca
588,Symbol_FEFI,,Genus_Festuca
589,Symbol_FEFI,,Genus_Festuca
590,Symbol_FEFI,,Genus_Festuca
591,Symbol_FEFI,,Genus_Festuca
592,Symbol_FERU2,NCN_red_fescue,Genus_Festuca
593,Symbol_FERUR2,NCN_red_fescue,Genus_Festuca
594,Symbol_FERUR2,,Genus_Festuca
595,Symbol_FERUR2,,Genus_Festuca
596,Symbol_FERUR2,,Genus_Festuca
597,Symbol_FERUR2,,Genus_Festuca
598,Symbol_FERUR2,,Genus_Festuca
599,Symbol_FERUR2,,Genus_Festuca
600,Symbol_FERUR2,,Genus_Festuca
601,Symbol_FESTU,NCN_fescue,Genus_Festuca
602,Symbol_FESU3,NCN_nodding_fescue,Genus_Festuca
603,Symbol_FESU3,,Genus_Festuca
604,Symbol_GLCA,NCN_rattlesnake_mannagrass,Genus_Glyceria
605,Symbol_GLCA,,Genus_Panicularia
606,Symbol_GLLA,NCN_limp_mannagrass,Genus_Glyceria
607,Symbol_GLLA,,Genus_Glyceria
608,Symbol_GLLA,,Genus_Glyceria
609,Symbol_GLLA,,Genus_Panicularia
610,Symbol_GLOB,NCN_Atlantic_mannagrass,Genus_Glyceria
611,Symbol_GLOB,,Genus_Panicularia
612,Symbol_GLSE3,NCN_floating_mannagrass,Genus_Glyceria
613,Symbol_GLSE3,,Genus_Panicularia
614,Symbol_GLST,NCN_fowl_mannagrass,Genus_Glyceria
615,Symbol_GLST,,Genus_Glyceria
616,Symbol_GLST,,Genus_Glyceria
617,Symbol_GLST,,Genus_Glyceria
618,Symbol_GLST,,Genus_Glyceria
619,Symbol_GLST,,Genus_Panicularia
620,Symbol_GLST,,Genus_Panicularia
621,Symbol_GLYCE,NCN_mannagrass,Genus_Glyceria
622,Symbol_GYAM,NCN_bearded_skeletongrass,Genus_Gymnopogon
623,Symbol_GYMNO3,NCN_skeletongrass,Genus_Gymnopogon
624,Symbol_HOJU,NCN_foxtail_barley,Genus_Hordeum
625,Symbol_HOJUJ,NCN_foxtail_barley,Genus_Hordeum
626,Symbol_HOJUJ,,Genus_Critesion
627,Symbol_HOLA,NCN_common_velvetgrass,Genus_Holcus
628,Symbol_HOLA,,Genus_Nothoholcus
629,Symbol_HOLCU,NCN_velvetgrass,Genus_Holcus
630,Symbol_HOMU,NCN_mouse_barley,Genus_Hordeum
631,Symbol_HOMUL,NCN_hare_barley,Genus_Hordeum
632,Symbol_HOMUL,,Genus_Critesion
633,Symbol_HOMUL,,Genus_Hordeum
634,Symbol_HOPU,NCN_little_barley,Genus_Hordeum
635,Symbol_HOPU,,Genus_Critesion
636,Symbol_HOPU,,Genus_Hordeum
637,Symbol_HORDE,NCN_barley,Genus_Hordeum
638,Symbol_HOVU,NCN_common_barley,Genus_Hordeum
639,Symbol_HOVU,,Genus_Hordeum
640,Symbol_HOVU,,Genus_Hordeum
641,Symbol_HOVU,,Genus_Hordeum
642,Symbol_HOVU,,Genus_Hordeum
643,Symbol_HOVU,,Genus_Hordeum
644,Symbol_HOVU,,Genus_Hordeum
645,Symbol_HOVU,,Genus_Hordeum
646,Symbol_HOVU,,Genus_Hordeum
647,Symbol_LEERS,NCN_cutgrass,Genus_Leersia
648,Symbol_LEFU21,NCN_Malabar_sprangletop,Genus_Leptochloa
649,Symbol_LEFU21,,Genus_Diplachne
650,Symbol_LEFUF,NCN_bearded_sprangletop,Genus_Leptochloa
651,Symbol_LEFUF,,Genus_Diplachne
652,Symbol_LEFUF,,Genus_Diplachne
653,Symbol_LEFUF,,Genus_Diplachne
654,Symbol_LEFUF,,Genus_Leptochloa
655,Symbol_LEFUF,,Genus_Leptochloa
656,Symbol_LEFUF,,Genus_Leptochloa
657,Symbol_LEFUF,,Genus_Leptochloa
658,Symbol_LEFUF,,Genus_Leptochloa
659,Symbol_LEOR,NCN_rice_cutgrass,Genus_Leersia
660,Symbol_LEOR,,Genus_Homalocenchrus
661,Symbol_LEOR,,Genus_Phalaris
662,Symbol_LEPTO,NCN_sprangletop,Genus_Leptochloa
663,Symbol_LEVI2,NCN_whitegrass,Genus_Leersia
664,Symbol_LEVI2,,Genus_Homalocenchrus
665,Symbol_LEVI2,,Genus_Leersia
666,Symbol_LOLIU,NCN_ryegrass,Genus_Lolium
667,Symbol_LOPE,NCN_perennial_ryegrass,Genus_Lolium
668,Symbol_LOPEM2,NCN_Italian_ryegrass,Genus_Lolium
669,Symbol_LOPEM2,,Genus_Lolium
670,Symbol_LOPEM2,,Genus_Lolium
671,Symbol_LOPEM2,,Genus_Lolium
672,Symbol_LOPEM2,,Genus_Lolium
673,Symbol_LOPEM2,,Genus_Lolium
674,Symbol_LOPEM2,,Genus_Lolium
675,Symbol_LOPEM2,,Genus_Lolium
676,Symbol_LOPEP,NCN_perennial_ryegrass,Genus_Lolium
677,Symbol_LOPEP,,Genus_Lolium
678,Symbol_LOPEP,,Genus_Lolium
679,Symbol_MELIC,NCN_melicgrass,Genus_Melica
680,Symbol_MEMU,NCN_twoflower_melicgrass,Genus_Melica
681,Symbol_MICRO7,NCN_browntop,Genus_Microstegium
682,Symbol_MISCA,NCN_silvergrass,Genus_Miscanthus
683,Symbol_MISI,NCN_Chinese_silvergrass,Genus_Miscanthus
684,Symbol_MISI,,Genus_Miscanthus
685,Symbol_MISI,,Genus_Miscanthus
686,Symbol_MISI,,Genus_Miscanthus
687,Symbol_MISI,,Genus_Miscanthus
688,Symbol_MISI,,Genus_Miscanthus
689,Symbol_MIVI,NCN_Nepalese_browntop,Genus_Microstegium
690,Symbol_MIVI,,Genus_Andropogon
691,Symbol_MIVI,,Genus_Eulalia
692,Symbol_MIVI,,Genus_Eulalia
693,Symbol_MIVI,,Genus_Microstegium
694,Symbol_MUCA2,NCN_hairawn_muhly,Genus_Muhlenbergia
695,Symbol_MUCA2,,Genus_Muhlenbergia
696,Symbol_MUFR2,NCN_wirestem_muhly,Genus_Muhlenbergia
697,Symbol_MUFR2,,Genus_Agrostis
698,Symbol_MUFR2,,Genus_Muhlenbergia
699,Symbol_MUGL3,NCN_spiked_muhly,Genus_Muhlenbergia
700,Symbol_MUGL3,,Genus_Muhlenbergia
701,Symbol_MUGL3,,Genus_Muhlenbergia
702,Symbol_MUHLE,NCN_muhly,Genus_Muhlenbergia
703,Symbol_MUSC,NCN_nimblewill,Genus_Muhlenbergia
704,Symbol_MUSC,,Genus_Muhlenbergia
705,Symbol_MUSC,,Genus_Muhlenbergia
706,Symbol_MUSO,NCN_rock_muhly,Genus_Muhlenbergia
707,Symbol_MUSO,,Genus_Agrostis
708,Symbol_MUSO,,Genus_Muhlenbergia
709,Symbol_MUSY,NCN_woodland_muhly,Genus_Muhlenbergia
710,Symbol_MUSY,,Genus_Agrostis
711,Symbol_MUSY,,Genus_Muhlenbergia
712,Symbol_MUSY,,Genus_Muhlenbergia
713,Symbol_MUTE,NCN_slimflower_muhly,Genus_Muhlenbergia
714,Symbol_MUTE,,Genus_Agrostis
715,Symbol_MUTE,,Genus_Muhlenbergia
716,Symbol_MUTE,,Genus_Muhlenbergia
717,Symbol_PAAN,NCN_beaked_panicgrass,Genus_Panicum
718,Symbol_PAAN,,Genus_Coleataenia
719,Symbol_PAAN,,Genus_Panicum
720,Symbol_PAAN,,Genus_Panicum
721,Symbol_PACA6,NCN_witchgrass,Genus_Panicum
722,Symbol_PACA6,,Genus_Panicum
723,Symbol_PACA6,,Genus_Panicum
724,Symbol_PACA6,,Genus_Panicum
725,Symbol_PACA6,,Genus_Panicum
726,Symbol_PACA6,,Genus_Panicum
727,Symbol_PACA6,,Genus_Panicum
728,Symbol_PADI,NCN_fall_panicgrass,Genus_Panicum
729,Symbol_PADI3,NCN_dallisgrass,Genus_Paspalum
730,Symbol_PADI5,NCN_mudbank_crowngrass,Genus_Paspalum
731,Symbol_PADI5,,Genus_Panicum
732,Symbol_PADID,NCN_fall_panicgrass,Genus_Panicum
733,Symbol_PADID,,Genus_Panicum
734,Symbol_PAFL2,NCN_wiry_panicgrass,Genus_Panicum
735,Symbol_PAFL2,,Genus_Panicum
736,Symbol_PAFL4,NCN_Florida_paspalum,Genus_Paspalum
737,Symbol_PAFL4,,Genus_Paspalum
738,Symbol_PAFL4,,Genus_Paspalum
739,Symbol_PAFL4,,Genus_Paspalum
740,Symbol_PAFL4,,Genus_Paspalum
741,Symbol_PAFL5,NCN_horsetail_paspalum,Genus_Paspalum
742,Symbol_PAFL5,,Genus_Paspalum
743,Symbol_PAFL5,,Genus_Paspalum
744,Symbol_PAFL5,,Genus_Paspalum
745,Symbol_PAGA,NCN_Gattinger's_panicgrass,Genus_Panicum
746,Symbol_PAGA,,Genus_Panicum
747,Symbol_PAGA,,Genus_Panicum
748,Symbol_PALA10,NCN_field_paspalum,Genus_Paspalum
749,Symbol_PALA10,,Genus_Paspalum
750,Symbol_PALA10,,Genus_Paspalum
751,Symbol_PALA10,,Genus_Paspalum
752,Symbol_PALA10,,Genus_Paspalum
753,Symbol_PALA10,,Genus_Paspalum
754,Symbol_PAMI2,NCN_proso_millet,Genus_Panicum
755,Symbol_PAMIM,NCN_broomcorn_millet,Genus_Panicum
756,Symbol_PANIC,NCN_panicgrass,Genus_Panicum
757,Symbol_PAPH,NCN_Philadelphia_panicgrass,Genus_Panicum
758,Symbol_PAPH,,Genus_Panicum
759,Symbol_PAPH,,Genus_Panicum
760,Symbol_PAPH,,Genus_Panicum
761,Symbol_PAPH,,Genus_Panicum
762,Symbol_PAPU5,NCN_hairyseed_paspalum,Genus_Paspalum
763,Symbol_PAPU5,,Genus_Paspalum
764,Symbol_PAPU5,,Genus_Paspalum
765,Symbol_PAPU5,,Genus_Paspalum
766,Symbol_PARI4,NCN_redtop_panicgrass,Genus_Panicum
767,Symbol_PARI4,,Genus_Coleataenia
768,Symbol_PARIE2,NCN_redtop_panicgrass,Genus_Panicum
769,Symbol_PARIE2,,Genus_Coleataenia
770,Symbol_PARIE2,,Genus_Panicum
771,Symbol_PARIE2,,Genus_Panicum
772,Symbol_PARIE2,,Genus_Panicum
773,Symbol_PARIP,NCN_redtop_panicgrass,Genus_Panicum
774,Symbol_PARIP,,Genus_Coleataenia
775,Symbol_PARIP,,Genus_Panicum
776,Symbol_PARIP,,Genus_Panicum
777,Symbol_PARIP,,Genus_Panicum
778,Symbol_PARIP,,Genus_Panicum
779,Symbol_PARIR,NCN_redtop_panicgrass,Genus_Panicum
780,Symbol_PARIR,,Genus_Panicum
781,Symbol_PARIR,,Genus_Panicum
782,Symbol_PARIR,,Genus_Panicum
783,Symbol_PARIR,,Genus_Panicum
784,Symbol_PARIR,,Genus_Panicum
785,Symbol_PARIR,,Genus_Panicum
786,Symbol_PASE5,NCN_thin_paspalum,Genus_Paspalum
787,Symbol_PASE5,,Genus_Paspalum
788,Symbol_PASE5,,Genus_Paspalum
789,Symbol_PASE5,,Genus_Paspalum
790,Symbol_PASE5,,Genus_Paspalum
791,Symbol_PASE5,,Genus_Paspalum
792,Symbol_PASE5,,Genus_Paspalum
793,Symbol_PASE5,,Genus_Paspalum
794,Symbol_PASE5,,Genus_Paspalum
795,Symbol_PASE5,,Genus_Paspalum
796,Symbol_PASE5,,Genus_Paspalum
797,Symbol_PASE5,,Genus_Paspalum
798,Symbol_PASE5,,Genus_Paspalum
799,Symbol_PASE5,,Genus_Paspalum
800,Symbol_PASE5,,Genus_Paspalum
801,Symbol_PASE5,,Genus_Paspalum
802,Symbol_PASE5,,Genus_Paspalum
803,Symbol_PASE5,,Genus_Paspalum
804,Symbol_PASE5,,Genus_Paspalum
805,Symbol_PASE5,,Genus_Paspalum
806,Symbol_PASE5,,Genus_Paspalum
807,Symbol_PASE5,,Genus_Paspalum
808,Symbol_PASE5,,Genus_Paspalum
809,Symbol_PASE5,,Genus_Paspalum
810,Symbol_PASPA2,NCN_crowngrass,Genus_Paspalum
811,Symbol_PAVE2,NCN_warty_panicgrass,Genus_Panicum
812,Symbol_PAVI2,NCN_switchgrass,Genus_Panicum
813,Symbol_PAVIV,NCN_switchgrass,Genus_Panicum
814,Symbol_PAVIV,,Genus_Panicum
815,Symbol_PAVIV,,Genus_Panicum
816,Symbol_PEGL2,NCN_pearl_millet,Genus_Pennisetum
817,Symbol_PEGL2,,Genus_Cenchrus
818,Symbol_PEGL2,,Genus_Panicum
819,Symbol_PEGL2,,Genus_Pennisetum
820,Symbol_PEGL2,,Genus_Pennisetum
821,Symbol_PENNI,NCN_fountaingrass,Genus_Pennisetum
822,Symbol_PHALA2,NCN_canarygrass,Genus_Phalaris
823,Symbol_PHAQ,NCN_bulbous_canarygrass,Genus_Phalaris
824,Symbol_PHAQ,,Genus_Phalaris
825,Symbol_PHAQ,,Genus_Phalaris
826,Symbol_PHAQ,,Genus_Phalaris
827,Symbol_PHAQ,,Genus_Phalaris
828,Symbol_PHAR3,NCN_reed_canarygrass,Genus_Phalaris
829,Symbol_PHAR3,,Genus_Phalaris
830,Symbol_PHAR3,,Genus_Phalaroides
831,Symbol_PHAR3,,Genus_Phalaroides
832,Symbol_PHAU7,NCN_common_reed,Genus_Phragmites
833,Symbol_PHAU7,,Genus_Phragmites
834,Symbol_PHAU7,,Genus_Phragmites
835,Symbol_PHAU7,,Genus_Phragmites
836,Symbol_PHAU7,,Genus_Phragmites
837,Symbol_PHAU7,,Genus_Phragmites
838,Symbol_PHCA5,NCN_annual_canarygrass,Genus_Phalaris
839,Symbol_PHLEU,NCN_timothy,Genus_Phleum
840,Symbol_PHPR3,NCN_timothy,Genus_Phleum
841,Symbol_PHPR3,,Genus_Phleum
842,Symbol_PHPR3,,Genus_Phleum
843,Symbol_PHPR3,,Genus_Phleum
844,Symbol_PHRAG,NCN_reed,Genus_Phragmites
845,Symbol_PIAV,NCN_blackseed_speargrass,Genus_Piptochaetium
846,Symbol_PIAV,,Genus_Stipa
847,Symbol_PIPTO,NCN_speargrass,Genus_Piptochaetium
848,Symbol_POA,NCN_bluegrass,Genus_Poa
849,Symbol_POAN,NCN_annual_bluegrass,Genus_Poa
850,Symbol_POAN,,Genus_Poa
851,Symbol_POAN,,Genus_Poa
852,Symbol_POAU,NCN_autumn_bluegrass,Genus_Poa
853,Symbol_POAU,,Genus_Poa
854,Symbol_POCO,NCN_Canada_bluegrass,Genus_Poa
855,Symbol_POCU4,NCN_early_bluegrass,Genus_Poa
856,Symbol_POCU4,,Genus_Poa
857,Symbol_POPA2,NCN_fowl_bluegrass,Genus_Poa
858,Symbol_POPA2,,Genus_Poa
859,Symbol_POPA2,,Genus_Poa
860,Symbol_POPA2,,Genus_Poa
861,Symbol_POPR,NCN_Kentucky_bluegrass,Genus_Poa
862,Symbol_POPRP2,NCN_Kentucky_bluegrass,Genus_Poa
863,Symbol_POPRP2,,Genus_Poa
864,Symbol_POPRP2,,Genus_Poa
865,Symbol_POPRP2,,Genus_Poa
866,Symbol_POPRP2,,Genus_Poa
867,Symbol_POPRP2,,Genus_Poa
868,Symbol_POPRP2,,Genus_Poa
869,Symbol_POPRP2,,Genus_Poa
870,Symbol_POPRP2,,Genus_Poa
871,Symbol_POSY,NCN_woodland_bluegrass,Genus_Poa
872,Symbol_POTR2,NCN_rough_bluegrass,Genus_Poa
873,Symbol_POTR2,,Genus_Poa
874,Symbol_SAAL21,NCN_silver_plumegrass,Genus_Saccharum
875,Symbol_SAAL21,,Genus_Erianthus
876,Symbol_SAAL21,,Genus_Erianthus
877,Symbol_SAAL21,,Genus_Erianthus
878,Symbol_SAAL21,,Genus_Erianthus
879,Symbol_SAAL21,,Genus_Saccharum
880,Symbol_SAAL21,,Genus_Saccharum
881,Symbol_SACCH,NCN_sugarcane,Genus_Saccharum
882,Symbol_SAGI,NCN_sugarcane_plumegrass,Genus_Saccharum
883,Symbol_SAGI,,Genus_Erianthus
884,Symbol_SAGI,,Genus_Erianthus
885,Symbol_SAGI,,Genus_Erianthus
886,Symbol_SAGI,,Genus_Erianthus
887,Symbol_SARA3,NCN_ravennagrass,Genus_Saccharum
888,Symbol_SARA3,,Genus_Erianthus
889,Symbol_SARA3,,Genus_Erianthus
890,Symbol_SARA3,,Genus_Ripidium
891,Symbol_SARA3,,Genus_Tripidium
892,Symbol_SCAR7,NCN_tall_fescue,Genus_Schedonorus
893,Symbol_SCAR7,,Genus_Festuca
894,Symbol_SCAR7,,Genus_Festuca
895,Symbol_SCAR7,,Genus_Festuca
896,Symbol_SCAR7,,Genus_Festuca
897,Symbol_SCAR7,,Genus_Festuca
898,Symbol_SCAR7,,Genus_Lolium
899,Symbol_SCAR7,,Genus_Schedonorus
900,Symbol_SCHED2,NCN_fescue,Genus_Schedonorus
901,Symbol_SCHIZ4,NCN_little_bluestem,Genus_Schizachyrium
902,Symbol_SCPR4,NCN_meadow_fescue,Genus_Schedonorus
903,Symbol_SCPR4,,Genus_Festuca
904,Symbol_SCPR4,,Genus_Festuca
905,Symbol_SCPR4,,Genus_Lolium
906,Symbol_SCSC,NCN_little_bluestem,Genus_Schizachyrium
907,Symbol_SCSCS,NCN_little_bluestem,Genus_Schizachyrium
908,Symbol_SCSCS,,Genus_Andropogon
909,Symbol_SCSCS,,Genus_Andropogon
910,Symbol_SCSCS,,Genus_Andropogon
911,Symbol_SCSCS,,Genus_Andropogon
912,Symbol_SCSCS,,Genus_Andropogon
913,Symbol_SCSCS,,Genus_Andropogon
914,Symbol_SCSCS,,Genus_Andropogon
915,Symbol_SCSCS,,Genus_Schizachyrium
916,Symbol_SCSCS,,Genus_Schizachyrium
917,Symbol_SCSCS,,Genus_Schizachyrium
918,Symbol_SCSCS,,Genus_Schizachyrium
919,Symbol_SCSCS,,Genus_Schizachyrium
920,Symbol_SECAL,NCN_rye,Genus_Secale
921,Symbol_SECE,NCN_cereal_rye,Genus_Secale
922,Symbol_SECE,,Genus_Secale
923,Symbol_SECE,,Genus_Secale
924,Symbol_SECE,,Genus_Triticum
925,Symbol_SEFA,NCN_Japanese_bristlegrass,Genus_Setaria
926,Symbol_SEIT,NCN_foxtail_millet,Genus_Setaria
927,Symbol_SEIT,,Genus_Chaetochloa
928,Symbol_SEIT,,Genus_Panicum
929,Symbol_SEIT,,Genus_Setaria
930,Symbol_SEIT,,Genus_Setaria
931,Symbol_SEIT,,Genus_Setaria
932,Symbol_SEPA10,NCN_marsh_bristlegrass,Genus_Setaria
933,Symbol_SEPA10,,Genus_Chaetochloa
934,Symbol_SEPA10,,Genus_Chaetochloa
935,Symbol_SEPA10,,Genus_Panicum
936,Symbol_SEPA10,,Genus_Setaria
937,Symbol_SEPA10,,Genus_Setaria
938,Symbol_SEPU8,NCN_yellow_foxtail,Genus_Setaria
939,Symbol_SEPUP2,NCN_yellow_foxtail,Genus_Setaria
940,Symbol_SEPUP2,,Genus_Chaetochloa
941,Symbol_SEPUP2,,Genus_Chaetochloa
942,Symbol_SEPUP2,,Genus_Panicum
943,Symbol_SEPUP2,,Genus_Setaria
944,Symbol_SEPUP2,,Genus_Setaria
945,Symbol_SEPUP2,,Genus_Setaria
946,Symbol_SETAR,NCN_bristlegrass,Genus_Setaria
947,Symbol_SEVE3,NCN_hooked_bristlegrass,Genus_Setaria
948,Symbol_SEVE3,,Genus_Chaetochloa
949,Symbol_SEVE3,,Genus_Panicum
950,Symbol_SEVE3,,Genus_Setaria
951,Symbol_SEVE5,NCN_barbed_bristlegrass,Genus_Setaria
952,Symbol_SEVE5,,Genus_Panicum
953,Symbol_SEVE5,,Genus_Setaria
954,Symbol_SEVE5,,Genus_Setaria
955,Symbol_SEVE5,,Genus_Setaria
956,Symbol_SEVE5,,Genus_Setaria
957,Symbol_SEVE5,,Genus_Setaria
958,Symbol_SEVI4,NCN_green_bristlegrass,Genus_Setaria
959,Symbol_SEVIV,NCN_green_bristlegrass,Genus_Setaria
960,Symbol_SEVIV,,Genus_Chaetochloa
961,Symbol_SEVIV,,Genus_Panicum
962,Symbol_SEVIV,,Genus_Setaria
963,Symbol_SEVIV,,Genus_Setaria
964,Symbol_SOBI2,NCN_sorghum,Genus_Sorghum
965,Symbol_SOBIB,NCN_grain_sorghum,Genus_Sorghum
966,Symbol_SOBIB,,Genus_Holcus
967,Symbol_SOBIB,,Genus_Holcus
968,Symbol_SOBIB,,Genus_Sorghum
969,Symbol_SOBIB,,Genus_Sorghum
970,Symbol_SOBIB,,Genus_Sorghum
971,Symbol_SOBIB,,Genus_Sorghum
972,Symbol_SOBIB,,Genus_Sorghum
973,Symbol_SOBIB,,Genus_Sorghum
974,Symbol_SOBIB,,Genus_Sorghum
975,Symbol_SOBIB,,Genus_Sorghum
976,Symbol_SOBIB,,Genus_Sorghum
977,Symbol_SOBIB,,Genus_Sorghum
978,Symbol_SOBIB,,Genus_Sorghum
979,Symbol_SOBIB,,Genus_Sorghum
980,Symbol_SOBIB,,Genus_Sorghum
981,Symbol_SOBIB,,Genus_Sorghum
982,Symbol_SOBIB,,Genus_Sorghum
983,Symbol_SOBIB,,Genus_Sorghum
984,Symbol_SOBIB,,Genus_Sorghum
985,Symbol_SOHA,NCN_Johnsongrass,Genus_Sorghum
986,Symbol_SOHA,,Genus_Holcus
987,Symbol_SOHA,,Genus_Sorghum
988,Symbol_SONU2,NCN_Indiangrass,Genus_Sorghastrum
989,Symbol_SONU2,,Genus_Andropogon
990,Symbol_SONU2,,Genus_Sorghastrum
991,Symbol_SORGH,NCN_Indiangrass,Genus_Sorghastrum
992,Symbol_SORGH2,NCN_sorghum,Genus_Sorghum
993,Symbol_SPART,NCN_cordgrass,Genus_Spartina
994,Symbol_SPCL,NCN_rough_dropseed,Genus_Sporobolus
995,Symbol_SPCL,,Genus_Sporobolus
996,Symbol_SPCL,,Genus_Sporobolus
997,Symbol_SPCL,,Genus_Sporobolus
998,Symbol_SPCL,,Genus_Sporobolus
999,Symbol_SPCL,,Genus_Sporobolus
1000,Symbol_SPCL,,Genus_Sporobolus
1001,Symbol_SPHEN,NCN_wedgescale,Genus_Sphenopholis
1002,Symbol_SPIN3,NCN_slender_wedgescale,Genus_Sphenopholis
1003,Symbol_SPIN3,,Genus_Sphenopholis
1004,Symbol_SPIN3,,Genus_Sphenopholis
1005,Symbol_SPNE2,NCN_puffsheath_dropseed,Genus_Sporobolus
1006,Symbol_SPNE2,,Genus_Sporobolus
1007,Symbol_SPNI,NCN_shiny_wedgescale,Genus_Sphenopholis
1008,Symbol_SPOB,NCN_prairie_wedgescale,Genus_Sphenopholis
1009,Symbol_SPOB,,Genus_Aira
1010,Symbol_SPOB,,Genus_Sphenopholis
1011,Symbol_SPOB,,Genus_Sphenopholis
1012,Symbol_SPORO,NCN_dropseed,Genus_Sporobolus
1013,Symbol_SPPE,NCN_prairie_cordgrass,Genus_Spartina
1014,Symbol_SPPE,,Genus_Spartina
1015,Symbol_SPPE,,Genus_Spartina
1016,Symbol_SPPE,,Genus_Sporobolus
1017,Symbol_SPVA,NCN_poverty_dropseed,Genus_Sporobolus
1018,Symbol_SPVAV2,NCN_poverty_dropseed,Genus_Sporobolus
1019,Symbol_SPVAV2,,Genus_Sporobolus
1020,Symbol_TRAE,NCN_common_wheat,Genus_Triticum
1021,Symbol_TRAE,,Genus_Triticum
1022,Symbol_TRAE,,Genus_Triticum
1023,Symbol_TRAE,,Genus_Triticum
1024,Symbol_TRAE,,Genus_Triticum
1025,Symbol_TRAE,,Genus_Triticum
1026,Symbol_TRDA3,NCN_eastern_gamagrass,Genus_Tripsacum
1027,Symbol_TRDA3,,Genus_Coix
1028,Symbol_TRDA3,,Genus_Tripsacum
1029,Symbol_TRFL2,NCN_purpletop_tridens,Genus_Tridens
1030,Symbol_TRFLF,NCN_purpletop_tridens,Genus_Tridens
1031,Symbol_TRFLF,,Genus_Triodia
1032,Symbol_TRIDE,NCN_tridens,Genus_Tridens
1033,Symbol_TRIPS,NCN_gamagrass,Genus_Tripsacum
1034,Symbol_TRITI,NCN_wheat,Genus_Triticum
1035,Symbol_VULPI,NCN_fescue,Genus_Vulpia
1036,Symbol_VUMY,NCN_annual_fescue,Genus_Vulpia
1037,Symbol_VUMY,,Genus_Festuca
1038,Symbol_VUMY,,Genus_Festuca
1039,Symbol_VUMY,,Genus_Festuca
1040,Symbol_VUMY,,Genus_Vulpia
1041,Symbol_VUMY,,Genus_Vulpia
1042,Symbol_VUMY,,Genus_Vulpia
1043,Symbol_VUOC,NCN_sixweeks_fescue,Genus_Vulpia
1044,Symbol_VUOCG,NCN_sixweeks_fescue,Genus_Vulpia
1045,Symbol_VUOCG,,Genus_Festuca
1046,Symbol_VUOCG,,Genus_Festuca
1047,Symbol_VUOCG,,Genus_Festuca
1048,Symbol_VUOCG,,Genus_Festuca
1049,Symbol_VUOCG,,Genus_Festuca
1050,Symbol_VUOCG,,Genus_Vulpia
1051,Symbol_VUOCO,NCN_sixweeks_fescue,Genus_Vulpia
1052,Symbol_VUOCO,,Genus_Festuca
1053,Symbol_VUOCO,,Genus_Festuca
1054,Symbol_ZIAQ,NCN_annual_wildrice,Genus_Zizania
1055,Symbol_ZIAQA2,NCN_annual_wildrice,Genus_Zizania
1056,Symbol_ZIAQA2,,Genus_Zizania
1057,Symbol_ZIZAN,NCN_wildrice,Genus_Zizania
